{
    "intrinsics": [
  898.5621805136742,
  0.0,
  664.0512942759157,
  0.0,
  899.0713444521026,
  382.31595312457995,
  0.0,
  0.0,
  1.0
],
    "fixed_extrinsics": {
        "data": [ 0.00000000, -0.49470046, 0.86906355, 0.59952482, -1.00000000, 0.00000000, 0.00000000, 0.00000000, 0.00000000, -0.86906355, -0.49470046, 0.47991253, 0.00000000, 0.00000000, 0.00000000, 1.00000000 ]
 },
    "dist_coeffs": [
  0.03459009733306608,
  -0.041280620467384455,
  -0.0002703586750795042,
  -0.00029938738969294683,
  -0.01018986773042956
 ]
}